{"cameraMode":{"drawMode":0,"name":"Shaded","section":"Shading Mode"},"sceneLighting":false,"audioPlay":false,"sceneViewState":{"showFog":true,"showMaterialUpdate":false,"showSkybox":false,"showFlares":true,"showImageEffects":true,"showParticleSystems":true},"in2DMode":false,"pivot":{"x":-0.000002384185791015625,"y":0.023122310638427736,"z":-0.05684185028076172},"rotation":{"x":0.45874232053756716,"y":-0.12593244016170503,"z":0.06572598218917847,"w":0.8772528171539307},"size":8.756745338439942,"orthographic":false}