{"cameraMode":{"drawMode":0,"name":"Shaded","section":"Shading Mode"},"sceneLighting":true,"audioPlay":false,"sceneViewState":{"showFog":true,"showMaterialUpdate":false,"showSkybox":true,"showFlares":true,"showImageEffects":true,"showParticleSystems":true},"in2DMode":false,"pivot":{"x":-4.723650932312012,"y":-6.605442523956299,"z":1.8270002603530884},"rotation":{"x":-0.3930654525756836,"y":0.533910870552063,"z":-0.3072918653488159,"w":-0.6827884912490845},"size":7.529061794281006,"orthographic":false}