{"cameraMode":{"drawMode":0,"name":"Shaded","section":"Shading Mode"},"sceneLighting":false,"audioPlay":false,"sceneViewState":{"showFog":true,"showMaterialUpdate":false,"showSkybox":false,"showFlares":true,"showImageEffects":true,"showParticleSystems":true},"in2DMode":false,"pivot":{"x":-0.0000057220458984375,"y":-0.0000040531158447265628,"z":0.01991128921508789},"rotation":{"x":0.437274307012558,"y":0.22143132984638215,"z":-0.11208188533782959,"w":0.8644958734512329},"size":8.02593994140625,"orthographic":false}