{"cameraMode":{"drawMode":0,"name":"Shaded","section":"Shading Mode"},"sceneLighting":false,"audioPlay":false,"sceneViewState":{"showFog":true,"showMaterialUpdate":false,"showSkybox":false,"showFlares":true,"showImageEffects":true,"showParticleSystems":true},"in2DMode":false,"pivot":{"x":1.105462908744812,"y":-1.7576687335968018,"z":0.21793220937252046},"rotation":{"x":0.36230307817459109,"y":0.6319719552993774,"z":-0.4286089837551117,"w":0.5346064567565918},"size":1.715151071548462,"orthographic":false}