{"cameraMode":{"drawMode":0,"name":"Shaded","section":"Shading Mode"},"sceneLighting":false,"audioPlay":false,"sceneViewState":{"showFog":true,"showMaterialUpdate":false,"showSkybox":false,"showFlares":true,"showImageEffects":true,"showParticleSystems":true},"in2DMode":false,"pivot":{"x":0.5584550499916077,"y":0.7444416284561157,"z":23.91960334777832},"rotation":{"x":0.2451833039522171,"y":-0.7406850457191467,"z":0.5185269117355347,"w":0.3500812351703644},"size":0.3218070864677429,"orthographic":false}