{"cameraMode":{"drawMode":0,"name":"Shaded","section":"Shading Mode"},"sceneLighting":false,"audioPlay":false,"sceneViewState":{"showFog":true,"showMaterialUpdate":false,"showSkybox":false,"showFlares":true,"showImageEffects":true,"showParticleSystems":true},"in2DMode":false,"pivot":{"x":0.0,"y":2.384185791015625e-7,"z":0.0005896091461181641},"rotation":{"x":-0.40500861406326296,"y":-0.46645209193229678,"z":0.2538128197193146,"w":-0.7443746328353882},"size":9.218072891235352,"orthographic":false}