{"cameraMode":{"drawMode":0,"name":"Shaded","section":"Shading Mode"},"sceneLighting":false,"audioPlay":false,"sceneViewState":{"showFog":true,"showMaterialUpdate":false,"showSkybox":false,"showFlares":true,"showImageEffects":true,"showParticleSystems":true},"in2DMode":false,"pivot":{"x":5.7190842628479,"y":-5.312673568725586,"z":17.747455596923829},"rotation":{"x":-0.10844993591308594,"y":-0.14321917295455934,"z":0.015773586928844453,"w":-0.9836158752441406},"size":10.0,"orthographic":false}