{"cameraMode":{"drawMode":0,"name":"Shaded","section":"Shading Mode"},"sceneLighting":true,"audioPlay":false,"sceneViewState":{"showFog":true,"showMaterialUpdate":false,"showSkybox":false,"showFlares":true,"showImageEffects":true,"showParticleSystems":true},"in2DMode":false,"pivot":{"x":5.725879669189453,"y":6.263363361358643,"z":-15.470873832702637},"rotation":{"x":-0.00009239731298293918,"y":0.996679425239563,"z":0.08210596442222595,"w":0.0009163613431155682},"size":10.0,"orthographic":false}