{"cameraMode":{"drawMode":0,"name":"Shaded","section":"Shading Mode"},"sceneLighting":true,"audioPlay":false,"sceneViewState":{"showFog":true,"showMaterialUpdate":false,"showSkybox":true,"showFlares":true,"showImageEffects":true,"showParticleSystems":true},"in2DMode":false,"pivot":{"x":-1.3707056045532227,"y":-3.8534109592437746,"z":2.549302339553833},"rotation":{"x":0.5619550943374634,"y":-0.17178793251514436,"z":0.1206684410572052,"w":0.8000966310501099},"size":3.74181866645813,"orthographic":false}