{"cameraMode":{"drawMode":0,"name":"Shaded","section":"Shading Mode"},"sceneLighting":true,"audioPlay":false,"sceneViewState":{"showFog":true,"showMaterialUpdate":false,"showSkybox":false,"showFlares":true,"showImageEffects":true,"showParticleSystems":true},"in2DMode":false,"pivot":{"x":0.5438492298126221,"y":-2.3102614879608156,"z":0.4233051538467407},"rotation":{"x":-0.1659170538187027,"y":-0.13588686287403108,"z":0.023102998733520509,"w":-0.9764922857284546},"size":1.230466604232788,"orthographic":false}