{"cameraMode":{"drawMode":0,"name":"Shaded","section":"Shading Mode"},"sceneLighting":true,"audioPlay":false,"sceneViewState":{"showFog":true,"showMaterialUpdate":false,"showSkybox":true,"showFlares":true,"showImageEffects":true,"showParticleSystems":true},"in2DMode":false,"pivot":{"x":2.3334662914276125,"y":0.000001296401023864746,"z":1.4349608421325684},"rotation":{"x":0.45874232053756716,"y":-0.12593244016170503,"z":0.06572598218917847,"w":0.8772528171539307},"size":4.166025161743164,"orthographic":false}