{"cameraMode":{"drawMode":0,"name":"Shaded","section":"Shading Mode"},"sceneLighting":false,"audioPlay":false,"sceneViewState":{"showFog":true,"showMaterialUpdate":false,"showSkybox":false,"showFlares":true,"showImageEffects":true,"showParticleSystems":true},"in2DMode":false,"pivot":{"x":-6.60169792175293,"y":-4.6706156730651859,"z":6.871092796325684},"rotation":{"x":0.20437513291835786,"y":-0.7348784804344177,"z":0.251880407333374,"w":0.5957658290863037},"size":7.890249729156494,"orthographic":false}