{"cameraMode":{"drawMode":0,"name":"Shaded","section":"Shading Mode"},"sceneLighting":false,"audioPlay":false,"sceneViewState":{"showFog":true,"showMaterialUpdate":false,"showSkybox":false,"showFlares":true,"showImageEffects":true,"showParticleSystems":true},"in2DMode":false,"pivot":{"x":0.6230670809745789,"y":0.2154276818037033,"z":23.292436599731447},"rotation":{"x":0.379181444644928,"y":-0.5146729350090027,"z":0.27100759744644167,"w":0.7197533249855042},"size":0.3218070864677429,"orthographic":false}