{"cameraMode":{"drawMode":0,"name":"Shaded","section":"Shading Mode"},"sceneLighting":false,"audioPlay":false,"sceneViewState":{"showFog":true,"showMaterialUpdate":false,"showSkybox":false,"showFlares":true,"showImageEffects":true,"showParticleSystems":true},"in2DMode":false,"pivot":{"x":-4.76837158203125e-7,"y":0.0006546080112457275,"z":0.009734153747558594},"rotation":{"x":0.437274307012558,"y":0.22143132984638215,"z":-0.11208188533782959,"w":0.8644958734512329},"size":8.934272766113282,"orthographic":false}