{"cameraMode":{"drawMode":0,"name":"Shaded","section":"Shading Mode"},"sceneLighting":true,"audioPlay":false,"sceneViewState":{"showFog":true,"showMaterialUpdate":true,"showSkybox":true,"showFlares":true,"showImageEffects":true,"showParticleSystems":true},"in2DMode":false,"pivot":{"x":-5.273719787597656,"y":0.4277212917804718,"z":7.868735313415527},"rotation":{"x":0.1808117777109146,"y":-0.5025891661643982,"z":0.10838343948125839,"w":0.8384474515914917},"size":5.352872371673584,"orthographic":false}