{"cameraMode":{"drawMode":0,"name":"Shaded","section":"Shading Mode"},"sceneLighting":true,"audioPlay":false,"sceneViewState":{"showFog":true,"showMaterialUpdate":true,"showSkybox":true,"showFlares":true,"showImageEffects":true,"showParticleSystems":true},"in2DMode":false,"pivot":{"x":2.132357358932495,"y":-2.7762861251831056,"z":-8.745137214660645},"rotation":{"x":0.1802711933851242,"y":0.8154215812683106,"z":-0.3397775888442993,"w":0.4326361417770386},"size":6.491158485412598,"orthographic":false}