{"cameraMode":{"drawMode":0,"name":"Shaded","section":"Shading Mode"},"sceneLighting":false,"audioPlay":false,"sceneViewState":{"showFog":true,"showMaterialUpdate":true,"showSkybox":false,"showFlares":true,"showImageEffects":true,"showParticleSystems":true},"in2DMode":false,"pivot":{"x":0.08710337430238724,"y":0.8897647261619568,"z":-0.9877334237098694},"rotation":{"x":0.002177136018872261,"y":0.9897077083587647,"z":-0.14230860769748689,"w":0.01514414232224226},"size":1.0987454652786255,"orthographic":false}