{"cameraMode":{"drawMode":0,"name":"Shaded","section":"Shading Mode"},"sceneLighting":true,"audioPlay":false,"sceneViewState":{"showFog":true,"showMaterialUpdate":false,"showSkybox":true,"showFlares":true,"showImageEffects":true,"showParticleSystems":true},"in2DMode":false,"pivot":{"x":1.6304826736450196,"y":0.11054515838623047,"z":-1.6450910568237305},"rotation":{"x":-0.06851637363433838,"y":0.9192015528678894,"z":-0.18471431732177735,"w":-0.34096091985702517},"size":10.0,"orthographic":false}